ticker,asset_class,window,forgetting_factor,ls_sharpe,hit_rate,rmse
DBC,Commodity,10,0.95,0.1523868593777934,0.518681965283907,0.01087872768419434
DIA,US Equity,10,0.95,-0.13894354730844552,0.5170421721548238,0.010581914245737664
EEM,Intl Equity,10,0.95,0.04535504613848393,0.5088585535869881,0.013555388912369277
EFA,Intl Equity,10,0.95,-0.3440238781129838,0.5036242389098289,0.011493442046602794
EWJ,Intl Equity,10,0.95,-0.21066812758478165,0.49544787077826724,0.011229812161787997
FXI,Intl Equity,10,0.95,-0.2625132025520772,0.4991289198606272,0.017528327631359815
GLD,Commodity,10,0.95,-0.05332196680622989,0.5046242774566474,0.009851477625091603
HYG,Fixed Income,10,0.95,-0.15799729190262754,0.5093512565751023,0.005397731575530851
IEF,Fixed Income,10,0.95,0.3817882835574782,0.515661252900232,0.004208225004725488
IWM,US Equity,10,0.95,-0.13586000228349868,0.503462204270052,0.014109584028741497
LQD,Fixed Income,10,0.95,0.40330434209421184,0.5244328097731239,0.004988041095782
QQQ,US Equity,10,0.95,0.034034342228802854,0.5232726221451286,0.013132923910012612
SLV,Commodity,10,0.95,-0.05077478824007915,0.4944216089254257,0.01834121991075217
SPY,US Equity,10,0.95,-0.0586725415128433,0.5203698353077145,0.010863597590559389
TIP,Fixed Income,10,0.95,0.18210543021308612,0.5072971395213076,0.0036954558542187355
TLT,Fixed Income,10,0.95,0.1694666943927199,0.4985540775014459,0.009715459087264228
USO,Commodity,10,0.95,0.13859342999780655,0.5111756168359942,0.02290615988603723
VNQ,Real Estate,10,0.95,0.008399683177886419,0.5199652777777778,0.012902981782410713
XLE,US Equity,10,0.95,-0.32666011832278735,0.5001446340757882,0.017743616722091977
XLF,US Equity,10,0.95,-0.13945959791836327,0.5001460706982179,0.013978229011709054
XLK,US Equity,10,0.95,-0.1208554659698809,0.5236712169619517,0.013753471918177766
XLP,US Equity,10,0.95,0.2065537255695959,0.50920245398773,0.008845796937961867
XLU,US Equity,10,0.95,-0.38201886278550506,0.5071200232490555,0.011379611547893602
XLV,US Equity,10,0.95,-0.08942768558441144,0.5047923322683706,0.010357622077594315
DBC,Commodity,10,0.98,0.12986092359756432,0.5207413945278023,0.010816073125800059
DIA,US Equity,10,0.98,0.0070478710888423205,0.5205083766608897,0.010512209156912948
EEM,Intl Equity,10,0.98,0.003897059019447576,0.5152483299448156,0.013457396149735347
EFA,Intl Equity,10,0.98,-0.21772057780873091,0.5111626558422732,0.011418237213858087
EWJ,Intl Equity,10,0.98,-0.15810822234274202,0.5013215859030837,0.011147792805463986
FXI,Intl Equity,10,0.98,-0.21591787638239035,0.5011614401858304,0.0173934470466966
GLD,Commodity,10,0.98,0.21732752992385335,0.5179190751445086,0.009786141929196635
HYG,Fixed Income,10,0.98,0.07030084768276151,0.5263004091174751,0.005360255713835359
IEF,Fixed Income,10,0.98,0.38573383134994466,0.5101508120649652,0.004178238983106689
IWM,US Equity,10,0.98,-0.09946689231819868,0.516733987305251,0.014003837193866797
LQD,Fixed Income,10,0.98,0.32671393790384645,0.5261780104712042,0.004965415934723969
QQQ,US Equity,10,0.98,0.15637776297562977,0.5380167678519804,0.013028286192398979
SLV,Commodity,10,0.98,-0.1320026250652345,0.49735760422783326,0.01823098956051526
SPY,US Equity,10,0.98,0.05601438585387591,0.5293267841664259,0.010785441654482197
TIP,Fixed Income,10,0.98,0.2602263239938607,0.5131348511383538,0.003670671857352259
TLT,Fixed Income,10,0.98,0.4994338881929218,0.5167727009832273,0.009644666067980721
USO,Commodity,10,0.98,0.12566951691669265,0.5178519593613933,0.022809374998533527
VNQ,Real Estate,10,0.98,-0.3522292927379882,0.515625,0.012812285521633339
XLE,US Equity,10,0.98,-0.10089225758446022,0.5030373155915534,0.01761888098033488
XLF,US Equity,10,0.98,-0.0014695505933953613,0.511539585159217,0.013875789065762352
XLK,US Equity,10,0.98,0.36640217795373814,0.5329654371187917,0.013646177938503215
XLP,US Equity,10,0.98,0.09855745246273293,0.5109553023663453,0.008787812647286895
XLU,US Equity,10,0.98,-0.010642532116675874,0.5248474280732345,0.011310104377774074
XLV,US Equity,10,0.98,0.26294174526724345,0.5178623293639268,0.010279378263665087
DBC,Commodity,10,0.99,0.045459026511448945,0.5222124154162989,0.01079407383679648
DIA,US Equity,10,0.99,0.23354507076467151,0.5320623916811091,0.010490181537366755
EEM,Intl Equity,10,0.99,-0.23863948052943826,0.5103107754864943,0.013419789837402569
EFA,Intl Equity,10,0.99,0.0365579769915651,0.5227602203537257,0.011393121789066348
EWJ,Intl Equity,10,0.99,0.14042810460281646,0.523935389133627,0.01112077654667348
FXI,Intl Equity,10,0.99,0.007647236032734794,0.508130081300813,0.017333585363954185
GLD,Commodity,10,0.99,0.029669788660013262,0.5138728323699422,0.009762463742875885
HYG,Fixed Income,10,0.99,0.27473489717404015,0.5356516656925775,0.00534988664046043
IEF,Fixed Income,10,0.99,0.5529413163586534,0.5205916473317865,0.004168100555775943
IWM,US Equity,10,0.99,0.06143001415327496,0.5245239469128679,0.013972618246408866
LQD,Fixed Income,10,0.99,0.36388781192277625,0.5334496800465387,0.00495788822652127
QQQ,US Equity,10,0.99,0.42485536596033874,0.5458224920497253,0.012994628690574543
SLV,Commodity,10,0.99,-0.10869103972956068,0.5038167938931297,0.018193965594209778
SPY,US Equity,10,0.99,0.1754246809453985,0.5342386593470095,0.010760213786505934
TIP,Fixed Income,10,0.99,0.2217693080142305,0.51517805020432,0.003663016671591301
TLT,Fixed Income,10,0.99,0.4383284045934015,0.5179294389820706,0.009621696768945719
USO,Commodity,10,0.99,0.2904370049205283,0.5198838896952105,0.0227719861473722
VNQ,Real Estate,10,0.99,0.15905076694799847,0.5309606481481481,0.012783579585980826
XLE,US Equity,10,0.99,-0.17573961916801029,0.5073763378652011,0.01757457900409492
XLF,US Equity,10,0.99,0.16685420760076816,0.5188431200701139,0.013845093925247918
XLK,US Equity,10,0.99,0.5198571168348214,0.5442927679349404,0.013609282039305198
XLP,US Equity,10,0.99,0.33607007271598144,0.5241016652059597,0.008766668115665736
XLU,US Equity,10,0.99,0.3470844811062442,0.5335658238884046,0.011281542828121206
XLV,US Equity,10,0.99,0.35551577386212146,0.5271565495207667,0.0102544392812859
DBC,Commodity,10,1.0,0.203743065637221,0.499558693733451,0.0107674376150238
DIA,US Equity,10,1.0,0.737627378314379,0.5473714615829001,0.010472512885753309
EEM,Intl Equity,10,1.0,-0.010604444049265967,0.5132152192855068,0.013383211250820455
EFA,Intl Equity,10,1.0,0.18260850967504677,0.5227602203537257,0.011369049203151252
EWJ,Intl Equity,10,1.0,0.2910576690802693,0.5254038179148312,0.011097562891132867
FXI,Intl Equity,10,1.0,-0.03859792104781574,0.4965156794425087,0.017271739724044475
GLD,Commodity,10,1.0,0.17682989173484162,0.5156069364161849,0.009736385063016148
HYG,Fixed Income,10,1.0,0.4618146789958731,0.5315604909409702,0.005342085156755618
IEF,Fixed Income,10,1.0,0.3271845997385727,0.5197215777262181,0.004164016652009986
IWM,US Equity,10,1.0,0.5086035794977984,0.5337564916330063,0.013947445765178736
LQD,Fixed Income,10,1.0,0.46832149953281743,0.5418848167539267,0.004954919857917101
QQQ,US Equity,10,1.0,0.8095206229704892,0.5527609135588321,0.012969789627968678
SLV,Commodity,10,1.0,-0.2414683609316577,0.49236641221374045,0.01816744746349838
SPY,US Equity,10,1.0,0.6341709891910489,0.5463738803813927,0.01074244846474155
TIP,Fixed Income,10,1.0,0.42604264734570807,0.5195563339171045,0.003656675178840159
TLT,Fixed Income,10,1.0,0.231771000050447,0.5231347599768652,0.009612279133502653
USO,Commodity,10,1.0,0.09346395890289527,0.5079825834542816,0.02273364571888007
VNQ,Real Estate,10,1.0,0.4552706606082929,0.5370370370370371,0.012763995930176245
XLE,US Equity,10,1.0,0.16017763158318707,0.5099797512293897,0.017524002131210165
XLF,US Equity,10,1.0,0.5292538287011288,0.5290680689453695,0.013820416004629913
XLK,US Equity,10,1.0,0.8482165686014388,0.550682544292768,0.013576004804363677
XLP,US Equity,10,1.0,0.7767542546855969,0.5404615834063686,0.008747831687917998
XLU,US Equity,10,1.0,0.6187213703301537,0.5417029933158966,0.011247569175484152
XLV,US Equity,10,1.0,0.8195881803354139,0.5422596572756317,0.010233504722309899
DBC,Commodity,25,0.95,0.4738677139952556,0.5239776404824948,0.01085623492566228
DIA,US Equity,25,0.95,-0.060430329691147665,0.5153090699017908,0.010584200964120726
EEM,Intl Equity,25,0.95,-0.20078329009281334,0.5007261109497532,0.013546463160480832
EFA,Intl Equity,25,0.95,-0.25462229650743096,0.50275442157147,0.011500972049561648
EWJ,Intl Equity,25,0.95,-0.2116648625968889,0.5019089574155653,0.011237510087197328
FXI,Intl Equity,25,0.95,-0.12085294346218638,0.4991289198606272,0.017521439819678034
GLD,Commodity,25,0.95,0.2386529097691972,0.5121387283236994,0.009850557288272058
HYG,Fixed Income,25,0.95,0.25499218204459123,0.5192869666861485,0.005390892253767915
IEF,Fixed Income,25,0.95,0.2682827622522767,0.5014501160092807,0.004210574066189778
IWM,US Equity,25,0.95,-0.14196071103772454,0.5020196191575302,0.014108682598200426
LQD,Fixed Income,25,0.95,0.3634303635861432,0.5191972076788831,0.004987651241294463
QQQ,US Equity,25,0.95,0.014048343096276904,0.5273200346921075,0.01312863150539667
SLV,Commodity,25,0.95,0.17891221293103923,0.498825601879037,0.01834554006472679
SPY,US Equity,25,0.95,-0.003994992766036827,0.5215255706443225,0.010863519631157724
TIP,Fixed Income,25,0.95,0.2289841573100525,0.5052539404553416,0.003702217362748606
TLT,Fixed Income,25,0.95,0.22010289157279972,0.4965297860034702,0.009720253832658619
USO,Commodity,25,0.95,0.018839414142251387,0.5068214804063861,0.02286780217759234
VNQ,Real Estate,25,0.95,0.06275685234322644,0.5089699074074074,0.012890140361519871
XLE,US Equity,25,0.95,-0.04751859710680437,0.5053514608041655,0.01771228263824143
XLF,US Equity,25,0.95,0.05519449701144993,0.5036517674554485,0.013959906315616983
XLK,US Equity,25,0.95,-0.15164948564258326,0.5216381063026431,0.013744090101673734
XLP,US Equity,25,0.95,-0.12440733968903106,0.4975167981302951,0.008848792549396781
XLU,US Equity,25,0.95,-0.3742258139072374,0.5056669572798606,0.011371668752020732
XLV,US Equity,25,0.95,-0.30417291825436443,0.4986930002904444,0.01036074573884786
DBC,Commodity,25,0.98,0.17442383742478437,0.5139746984407179,0.010799561167057206
DIA,US Equity,25,0.98,-0.39892904307070587,0.512998266897747,0.010518416171453
EEM,Intl Equity,25,0.98,-0.06042231736589688,0.5094394423467906,0.01344770378961798
EFA,Intl Equity,25,0.98,-0.23172129172949923,0.5152218034212815,0.011421013146028636
EWJ,Intl Equity,25,0.98,-0.28283520414140884,0.505726872246696,0.011150958012465585
FXI,Intl Equity,25,0.98,-0.0032788000495771828,0.5031939605110337,0.0173791619439266
GLD,Commodity,25,0.98,0.06873718078190011,0.5132947976878612,0.009785536710555306
HYG,Fixed Income,25,0.98,0.11011154949142803,0.5230859146697837,0.0053592568060589
IEF,Fixed Income,25,0.98,0.3906726770905742,0.5063805104408353,0.004179000753014957
IWM,US Equity,25,0.98,-0.3075779824632317,0.5080784766301212,0.01401154898460612
LQD,Fixed Income,25,0.98,0.21722217366180768,0.5151250727166957,0.004964132382122724
QQQ,US Equity,25,0.98,0.2844180272633451,0.5394622723330442,0.013026463799851213
SLV,Commodity,25,0.98,-0.030059011867087797,0.5076335877862596,0.018230731194868923
SPY,US Equity,25,0.98,0.09065881378659452,0.52845998266397,0.010788202596327075
TIP,Fixed Income,25,0.98,0.13956228892070457,0.50379451255108,0.003673305990298758
TLT,Fixed Income,25,0.98,0.17655412340205512,0.5083863504916136,0.009646813748123125
USO,Commodity,25,0.98,0.05059381869176655,0.5079825834542816,0.022780486043506055
VNQ,Real Estate,25,0.98,-0.22494644995333848,0.5144675925925926,0.012809062037173755
XLE,US Equity,25,0.98,-0.06793130784707074,0.5091119467746601,0.017603521343650636
XLF,US Equity,25,0.98,-0.057604560229978535,0.5121238679520889,0.01387059919162244
XLK,US Equity,25,0.98,0.14260821352561032,0.5254138832413593,0.013639919194145993
XLP,US Equity,25,0.98,-0.10680207431840717,0.509494595384166,0.00878872500164347
XLU,US Equity,25,0.98,-0.11277842608896159,0.5164196454519036,0.011303748743442489
XLV,US Equity,25,0.98,0.12206973729525747,0.5152483299448156,0.01028190782790587
DBC,Commodity,25,0.99,-0.021326226543046892,0.5066195939982348,0.01078294699070622
DIA,US Equity,25,0.99,0.07861351413823812,0.5280184864240324,0.010495429129875151
EEM,Intl Equity,25,0.99,-0.08281093540669456,0.5114725530060993,0.013414350831400015
EFA,Intl Equity,25,0.99,-0.060902788810802196,0.5172513772107857,0.011394533500172459
EWJ,Intl Equity,25,0.99,-0.38477945998514185,0.507488986784141,0.011123399362898334
FXI,Intl Equity,25,0.99,-0.07438982507621503,0.5058072009291521,0.017324939362174885
GLD,Commodity,25,0.99,0.19067563063146933,0.5153179190751445,0.009761887748798116
HYG,Fixed Income,25,0.99,0.1278737336263921,0.5289304500292227,0.0053493443774320065
IEF,Fixed Income,25,0.99,0.47807861991766043,0.515661252900232,0.004167914560999086
IWM,US Equity,25,0.99,-0.21566109443458642,0.5126947489901904,0.013978970196631772
LQD,Fixed Income,25,0.99,0.12202363516443177,0.5186154741128564,0.0049557937837416246
QQQ,US Equity,25,0.99,0.5026263419499349,0.5516045099739809,0.012993823052571133
SLV,Commodity,25,0.99,-0.06437127888365478,0.5126247798003524,0.018190167177706464
SPY,US Equity,25,0.99,0.27234475245756956,0.5374169315226813,0.010762923577963848
TIP,Fixed Income,25,0.99,0.014160794618281477,0.5,0.003663404187043378
TLT,Fixed Income,25,0.99,0.5115767355600168,0.5211104684788895,0.009622706292095806
USO,Commodity,25,0.99,0.162510976884688,0.5134978229317851,0.022753274949415488
VNQ,Real Estate,25,0.99,-0.20399011355253585,0.5176504629629629,0.012781687148218037
XLE,US Equity,25,0.99,-0.05264989931619934,0.5073763378652011,0.0175671872021992
XLF,US Equity,25,0.99,0.218701165842847,0.5246859479988314,0.013844435257275474
XLK,US Equity,25,0.99,0.3008149533778352,0.5396456578565205,0.013605560136722823
XLP,US Equity,25,0.99,0.2531588093862501,0.5229330996202162,0.00876711058491365
XLU,US Equity,25,0.99,0.06773564473392953,0.5260098808485906,0.011277232727313917
XLV,US Equity,25,0.99,0.35281857957966756,0.5271565495207667,0.010256499466487656
DBC,Commodity,25,1.0,-0.1180865779092395,0.4716092968520153,0.010771621050715222
DIA,US Equity,25,1.0,0.738691178475601,0.5476603119584056,0.010473863121172072
EEM,Intl Equity,25,1.0,-0.1207929497425255,0.5117629973860006,0.013380761183832284
EFA,Intl Equity,25,1.0,0.2019586303560715,0.5259495505943752,0.011369195386693494
EWJ,Intl Equity,25,1.0,0.3007358476955914,0.5262848751835536,0.011096887487104601
FXI,Intl Equity,25,1.0,-0.0029878326293977936,0.49390243902439024,0.017269140390335173
GLD,Commodity,25,1.0,0.13720254802231216,0.5141618497109827,0.009737996477767472
HYG,Fixed Income,25,1.0,0.3965873840214075,0.5298071303331385,0.005341834765023164
IEF,Fixed Income,25,1.0,0.3271845997385727,0.5197215777262181,0.004162582549774821
IWM,US Equity,25,1.0,0.4677034891947629,0.533467974610502,0.013946974989073069
LQD,Fixed Income,25,1.0,0.46832149953281743,0.5418848167539267,0.004950871156195398
QQQ,US Equity,25,1.0,0.7453692812854812,0.5562301243133854,0.012969828862938636
SLV,Commodity,25,1.0,-0.2004608272800025,0.49500880798590724,0.01816185982283285
SPY,US Equity,25,1.0,0.6886533120247862,0.5492632187229125,0.010743132573476595
TIP,Fixed Income,25,1.0,0.42604264734570807,0.5195563339171045,0.003656567679388623
TLT,Fixed Income,25,1.0,0.231771000050447,0.5231347599768652,0.009609707379072779
USO,Commodity,25,1.0,0.03250857722206971,0.4867924528301887,0.022732429023168705
VNQ,Real Estate,25,1.0,0.4552706606082929,0.5370370370370371,0.01275545726735784
XLE,US Equity,25,1.0,0.14442823767546686,0.5120046282904253,0.017524552004869604
XLF,US Equity,25,1.0,0.5211757350479646,0.5293602103418055,0.01382254721799224
XLK,US Equity,25,1.0,0.7732703060724105,0.550682544292768,0.013577407715523694
XLP,US Equity,25,1.0,0.7767542546855969,0.5404615834063686,0.008745972038468006
XLU,US Equity,25,1.0,0.547253623225426,0.5411217669282186,0.011247015941735298
XLV,US Equity,25,1.0,0.823541150209493,0.5419692128957304,0.01023511927478579
DBC,Commodity,50,0.95,0.34978255589531354,0.5207413945278023,0.010869191527687451
DIA,US Equity,50,0.95,-0.3076748014368098,0.5132871172732525,0.010594321445805634
EEM,Intl Equity,50,0.95,-0.1376673691205333,0.5010165553296544,0.013546848007554914
EFA,Intl Equity,50,0.95,-0.21548919526121946,0.5050739344737605,0.011508378262119631
EWJ,Intl Equity,50,0.95,-0.45305454817332363,0.4939794419970631,0.011244302924726637
FXI,Intl Equity,50,0.95,-0.04272767985634852,0.5,0.01750923857538329
GLD,Commodity,50,0.95,0.2967156332539494,0.5095375722543353,0.009848290389565034
HYG,Fixed Income,50,0.95,0.09101407208780901,0.5140268848626535,0.005395623016130163
IEF,Fixed Income,50,0.95,0.35265906397182045,0.5060904872389791,0.004213035403859731
IWM,US Equity,50,0.95,-0.17714389332429242,0.5014425851125216,0.01411748430402934
LQD,Fixed Income,50,0.95,0.237075775792905,0.5180337405468296,0.004988150356260603
QQQ,US Equity,50,0.95,-0.17958413507783275,0.5235617230413414,0.013139995497082294
SLV,Commodity,50,0.95,0.03366618830374968,0.49794480328831475,0.018357698678414042
SPY,US Equity,50,0.95,-0.2572161445989711,0.514591158624675,0.01087472100716557
TIP,Fixed Income,50,0.95,0.14104906776247408,0.5017513134851138,0.0037022869614099434
TLT,Fixed Income,50,0.95,0.2500635414941874,0.4985540775014459,0.009727181321195303
USO,Commodity,50,0.95,0.1375924359079589,0.5085631349782294,0.022891282533003758
VNQ,Real Estate,50,0.95,-0.00435497915028494,0.5086805555555556,0.012891184017439678
XLE,US Equity,50,0.95,-0.017126901851431797,0.5070870697136245,0.017724793654433052
XLF,US Equity,50,0.95,-0.12436026062390985,0.49780893952673094,0.013970767087098244
XLK,US Equity,50,0.95,-0.27958206148245157,0.5129247749056056,0.013755539258650504
XLP,US Equity,50,0.95,-0.037196370909295666,0.502483201869705,0.008850436216449322
XLU,US Equity,50,0.95,-0.2717504522883664,0.5039232781168265,0.011373450906644185
XLV,US Equity,50,0.95,-0.46807930336708625,0.4989834446703456,0.01036896397935912
DBC,Commodity,50,0.98,0.025570019989710157,0.511326860841424,0.010806399465420854
DIA,US Equity,50,0.98,-0.3119760742387429,0.5135759676487579,0.010524171584379407
EEM,Intl Equity,50,0.98,-0.025738888602578912,0.5091489979668894,0.01344583350004573
EFA,Intl Equity,50,0.98,-0.09194134486523747,0.5178312554363583,0.011423068455366645
EWJ,Intl Equity,50,0.98,-0.18770257415964658,0.5098384728340676,0.011154359963476999
FXI,Intl Equity,50,0.98,0.06697736319255214,0.5063879210220673,0.01737371913708628
GLD,Commodity,50,0.98,0.2887720713109622,0.5184971098265896,0.009782070010206182
HYG,Fixed Income,50,0.98,0.018139141418285185,0.5169491525423728,0.005360630255310384
IEF,Fixed Income,50,0.98,0.4309251338686091,0.507830626450116,0.004180602472948908
IWM,US Equity,50,0.98,-0.008944642251391867,0.5092325447201385,0.014016600867537822
LQD,Fixed Income,50,0.98,0.40706836517310585,0.5235602094240838,0.0049633738215058
QQQ,US Equity,50,0.98,0.14932373940622976,0.5388840705406187,0.01303337683811361
SLV,Commodity,50,0.98,0.0429629493051739,0.505871990604815,0.01823311171169673
SPY,US Equity,50,0.98,-0.3047542816533438,0.5249927766541462,0.010795036646328297
TIP,Fixed Income,50,0.98,0.0234160173822755,0.4979568009340339,0.0036731832395671283
TLT,Fixed Income,50,0.98,0.3000331174080966,0.510989010989011,0.009651934922075665
USO,Commodity,50,0.98,0.19912168841180927,0.5108853410740203,0.022796686841205643
VNQ,Real Estate,50,0.98,-0.39362600603369624,0.5069444444444444,0.012809865466694565
XLE,US Equity,50,0.98,-0.030195401801892386,0.5070870697136245,0.017607541887945218
XLF,US Equity,50,0.98,0.06333163725556415,0.5141688577271399,0.013878304199626582
XLK,US Equity,50,0.98,0.07615137376517263,0.5277374382805693,0.013646583450483998
XLP,US Equity,50,0.98,-0.1641774890640805,0.509494595384166,0.008789371592004746
XLU,US Equity,50,0.98,-0.3872009001454645,0.5088637024120896,0.011302090975224815
XLV,US Equity,50,0.98,0.09635380934772561,0.5175718849840255,0.010285657165128297
DBC,Commodity,50,0.99,0.16615546540035683,0.5095616357752281,0.0107857595807712
DIA,US Equity,50,0.99,-0.07079694060952932,0.5262853841709995,0.01049964701976226
EEM,Intl Equity,50,0.99,-0.33679575187539934,0.5039209991286668,0.01341374420213955
EFA,Intl Equity,50,0.99,-0.27471005274739513,0.5094230211655553,0.011396511463109936
EWJ,Intl Equity,50,0.99,-0.2810589234920637,0.5104258443465491,0.011125629601559864
FXI,Intl Equity,50,0.99,-0.07766524149399737,0.5058072009291521,0.017323848773232592
GLD,Commodity,50,0.99,0.1846215395812581,0.5173410404624278,0.009758627625919123
HYG,Fixed Income,50,0.99,0.1532625554018116,0.527177089421391,0.0053504357896678265
IEF,Fixed Income,50,0.99,0.4094336165801421,0.5113109048723898,0.004168952533920355
IWM,US Equity,50,0.99,-0.02862898431440162,0.5124062319676861,0.013983635550353367
LQD,Fixed Income,50,0.99,0.17872009592806162,0.518324607329843,0.004955181766225327
QQQ,US Equity,50,0.99,0.39865854225499026,0.5504481063891298,0.01299822948300479
SLV,Commodity,50,0.99,-0.1444901444637565,0.5120375807398708,0.018184484244620856
SPY,US Equity,50,0.99,0.28570398623315274,0.5400173360300491,0.010768110170080926
TIP,Fixed Income,50,0.99,-0.10633270134112971,0.4982486865148862,0.0036633665490049616
TLT,Fixed Income,50,0.99,0.38283252792859795,0.518796992481203,0.009626184407250224
USO,Commodity,50,0.99,0.13962061265757494,0.5042089985486212,0.022761033498908727
VNQ,Real Estate,50,0.99,-0.32893548456739846,0.5133101851851852,0.012782594164620586
XLE,US Equity,50,0.99,-0.01861590934474798,0.5096904830778132,0.01756970532095543
XLF,US Equity,50,0.99,0.04715102403658874,0.5194274028629857,0.013851715074727277
XLK,US Equity,50,0.99,0.36847446081085183,0.5364507696776067,0.013609993528780836
XLP,US Equity,50,0.99,0.2517091227081462,0.5246859479988314,0.00876772741104112
XLU,US Equity,50,0.99,0.10661690802081523,0.5254286544609126,0.011275686634122853
XLV,US Equity,50,0.99,0.08073764253391913,0.5190241068835318,0.010258420471593217
DBC,Commodity,50,1.0,-0.08270932122386485,0.47602235951750516,0.010775300275067609
DIA,US Equity,50,1.0,0.5731787143718026,0.5398613518197574,0.01047478935488101
EEM,Intl Equity,50,1.0,-0.03061513204064835,0.5059541097879756,0.01338139370470377
EFA,Intl Equity,50,1.0,0.13717394164407684,0.5233400985792983,0.01137047917455525
EWJ,Intl Equity,50,1.0,0.2546957704376106,0.5268722466960353,0.011097045388770264
FXI,Intl Equity,50,1.0,0.03094458000199258,0.4921602787456446,0.017268596704653024
GLD,Commodity,50,1.0,0.16610988395718046,0.5144508670520231,0.009739201781471545
HYG,Fixed Income,50,1.0,0.32088794959544825,0.5260081823495032,0.005342499395056475
IEF,Fixed Income,50,1.0,0.3271845997385727,0.5197215777262181,0.004162643286473417
IWM,US Equity,50,1.0,0.20714245064246417,0.5279861511829198,0.013948212774160114
LQD,Fixed Income,50,1.0,0.46832149953281743,0.5418848167539267,0.004950408757305228
QQQ,US Equity,50,1.0,0.7895969641370019,0.555362821624747,0.012971339869787993
SLV,Commodity,50,1.0,-0.2522438207600722,0.4935408103347035,0.01814853537001783
SPY,US Equity,50,1.0,0.6190781896910068,0.542328806703265,0.01074491343713501
TIP,Fixed Income,50,1.0,0.42604264734570807,0.5195563339171045,0.0036568664603964145
TLT,Fixed Income,50,1.0,0.231771000050447,0.5231347599768652,0.009609514604917177
USO,Commodity,50,1.0,0.015564644807466417,0.4795355587808418,0.02273521585273563
VNQ,Real Estate,50,1.0,0.4552706606082929,0.5370370370370371,0.012754924135627205
XLE,US Equity,50,1.0,-0.24583081262597664,0.506797801562048,0.017526127679672408
XLF,US Equity,50,1.0,0.49152852039292333,0.528191644756062,0.013826017176282767
XLK,US Equity,50,1.0,0.774818427651524,0.5480685448736567,0.013579836022656723
XLP,US Equity,50,1.0,0.7767542546855969,0.5404615834063686,0.008745774062454005
XLU,US Equity,50,1.0,0.4243310115478403,0.5347282766637605,0.011247197543629682
XLV,US Equity,50,1.0,0.7404668821371809,0.5416787685158292,0.010235165495055603
DBC,Commodity,100,0.95,0.30690125190382955,0.517799352750809,0.010869811800095873
DIA,US Equity,100,0.95,-0.2480157280168546,0.512420566146736,0.010600871090617869
EEM,Intl Equity,100,0.95,-0.1843752790830223,0.49549811211153066,0.013553953473726094
EFA,Intl Equity,100,0.95,-0.23239362848543063,0.5044940562481879,0.011514190835448173
EWJ,Intl Equity,100,0.95,-0.37837212528391867,0.4983847283406755,0.011254428489175052
FXI,Intl Equity,100,0.95,-0.04410015475394787,0.49825783972125437,0.017516118285329247
GLD,Commodity,100,0.95,0.12881375725495386,0.5052023121387283,0.009851754256127953
HYG,Fixed Income,100,0.95,0.22997868862598558,0.5213325540619521,0.005397674356082408
IEF,Fixed Income,100,0.95,0.30596407120697544,0.5029002320185615,0.004211399858498137
IWM,US Equity,100,0.95,-0.14516052638955354,0.5046162723600692,0.014126015527918721
LQD,Fixed Income,100,0.95,0.3488750836228429,0.516870273414776,0.0049950220173590335
QQQ,US Equity,100,0.95,-0.054192897748761876,0.5229835212489159,0.013153687343339679
SLV,Commodity,100,0.95,0.10180397734868289,0.5,0.018354256384644968
SPY,US Equity,100,0.95,-0.1839569112676242,0.5154579601271309,0.010885149985154238
TIP,Fixed Income,100,0.95,0.12997183770402648,0.5061295971978984,0.003704199745563835
TLT,Fixed Income,100,0.95,0.30661944966888327,0.49942163100057835,0.009725977578890849
USO,Commodity,100,0.95,-0.03235125743922044,0.4972423802612482,0.02289883086362541
VNQ,Real Estate,100,0.95,-0.00413100417153308,0.5075231481481481,0.012898384804834443
XLE,US Equity,100,0.95,0.15382591362884337,0.5120046282904253,0.017727079004328957
XLF,US Equity,100,0.95,-0.1518883877551561,0.49517966695880805,0.013983478244761106
XLK,US Equity,100,0.95,-0.04954060653494695,0.5181527737438281,0.013770665465816114
XLP,US Equity,100,0.95,0.002249456786595057,0.4983932223196027,0.008859169716163845
XLU,US Equity,100,0.95,-0.17084689652355234,0.5074106364428945,0.011381197455057751
XLV,US Equity,100,0.95,-0.48543170386359685,0.49491722335172816,0.010378668581207052
DBC,Commodity,100,0.98,0.13224253908060962,0.5136804942630185,0.01080454550744483
DIA,US Equity,100,0.98,-0.09298587086380782,0.5196418255343732,0.010529834524396263
EEM,Intl Equity,100,0.98,-0.09911568243297525,0.5065349985477781,0.013450490991960069
EFA,Intl Equity,100,0.98,-0.09576344880153354,0.5126123514062046,0.011427133975556504
EWJ,Intl Equity,100,0.98,-0.29853681214303723,0.5051395007342144,0.011159945632408333
FXI,Intl Equity,100,0.98,-0.1961896337651519,0.490418118466899,0.017372854163632125
GLD,Commodity,100,0.98,0.2578359308824037,0.5150289017341041,0.009777664501793489
HYG,Fixed Income,100,0.98,-0.0043179607645568155,0.5178258328462887,0.0053627172830037866
IEF,Fixed Income,100,0.98,0.3476075119895822,0.5049303944315545,0.004179064109619751
IWM,US Equity,100,0.98,0.018548672696825832,0.5118291979226774,0.014026770118016209
LQD,Fixed Income,100,0.98,0.15184028873122662,0.5189063408958697,0.004965506809134034
QQQ,US Equity,100,0.98,-0.032355867526161326,0.534547557097427,0.013043800175250987
SLV,Commodity,100,0.98,0.10907816753207494,0.5093951849677041,0.01822740497343354
SPY,US Equity,100,0.98,-0.08311276109099375,0.5229702398150824,0.01080360527632904
TIP,Fixed Income,100,0.98,0.23373779741935072,0.5052539404553416,0.003673127027734231
TLT,Fixed Income,100,0.98,0.302756065580049,0.5069404279930596,0.009649590119948063
USO,Commodity,100,0.98,0.21307790723529701,0.5123367198838897,0.02279525705738934
VNQ,Real Estate,100,0.98,-0.07901626053776162,0.5124421296296297,0.012813318491257579
XLE,US Equity,100,0.98,0.01522942855347461,0.5073763378652011,0.017605956257532012
XLF,US Equity,100,0.98,0.13187151414184795,0.5118317265556529,0.013888365743640814
XLK,US Equity,100,0.98,-0.04565038056727641,0.5265756607609643,0.01365657463267583
XLP,US Equity,100,0.98,-0.029553643856789234,0.5100788781770377,0.008796201204053233
XLU,US Equity,100,0.98,-0.4835147292294619,0.5068294100552165,0.01130269859555455
XLV,US Equity,100,0.98,-0.08399239173741642,0.5152483299448156,0.01029271758811432
DBC,Commodity,100,0.99,0.26090304468301245,0.5080906148867314,0.010784050795419015
DIA,US Equity,100,0.99,0.16346287055987058,0.5288850375505488,0.010502341373258233
EEM,Intl Equity,100,0.99,-0.11395365426416834,0.5103107754864943,0.013416261937847023
EFA,Intl Equity,100,0.99,-0.1410119722942921,0.5126123514062046,0.011398800903246162
EWJ,Intl Equity,100,0.99,-0.12449985202744925,0.5124816446402349,0.011129036743288741
FXI,Intl Equity,100,0.99,-0.1732948939244862,0.49796747967479676,0.017321183564061163
GLD,Commodity,100,0.99,0.30934826397780735,0.5202312138728323,0.009753629635510696
HYG,Fixed Income,100,0.99,-0.10610428644317169,0.5175336060783168,0.005351991395890445
IEF,Fixed Income,100,0.99,0.46488193259830846,0.5145011600928074,0.004168324797374102
IWM,US Equity,100,0.99,0.11829171728238916,0.516733987305251,0.013990934843506306
LQD,Fixed Income,100,0.99,0.35010432519311896,0.5212332751599767,0.0049556770928158465
QQQ,US Equity,100,0.99,0.2951526322785079,0.5469788956345765,0.013004947380096301
SLV,Commodity,100,0.99,-0.12305169831509967,0.5099823840281855,0.018179583611964163
SPY,US Equity,100,0.99,-0.027262415970735202,0.5255706443224502,0.0107736353262979
TIP,Fixed Income,100,0.99,0.16575055613710493,0.5040863981319322,0.003663075983495498
TLT,Fixed Income,100,0.99,0.36815401069152714,0.5199537304800462,0.009625216824694673
USO,Commodity,100,0.99,0.22932622651698228,0.5068214804063861,0.022753926579864168
VNQ,Real Estate,100,0.99,-0.11483577743968759,0.5121527777777778,0.01278440740692601
XLE,US Equity,100,0.99,-0.009647063875026672,0.5059299971073185,0.01756552503631038
XLF,US Equity,100,0.99,0.21247786509433278,0.5205959684487291,0.013858048327026628
XLK,US Equity,100,0.99,0.3159627394689418,0.5373221028173105,0.013615721462150461
XLP,US Equity,100,0.99,-0.07678881899458054,0.5159217061057552,0.008772119679823888
XLU,US Equity,100,0.99,-0.011933777760183614,0.5277535600116245,0.011275417431202644
XLV,US Equity,100,0.99,-0.09385600405331897,0.5196049956433343,0.010262725725159702
DBC,Commodity,100,1.0,-0.0031036998711233116,0.4766107678729038,0.010774430422000188
DIA,US Equity,100,1.0,0.4979269342180027,0.5375505488157135,0.010475481213254574
EEM,Intl Equity,100,1.0,-0.22271654923206652,0.4992738890502469,0.01338286215045651
EFA,Intl Equity,100,1.0,-0.00039851216771308806,0.517541316323572,0.011372890688538733
EWJ,Intl Equity,100,1.0,0.2937116204736837,0.5218795888399412,0.011098456963761928
FXI,Intl Equity,100,1.0,-0.113275963601589,0.4915795586527294,0.017268657269581853
GLD,Commodity,100,1.0,0.1557246221593245,0.5144508670520231,0.009737932567088914
HYG,Fixed Income,100,1.0,0.3456009968207185,0.5292226767971946,0.005343176398095127
IEF,Fixed Income,100,1.0,0.3271845997385727,0.5197215777262181,0.004163372659641325
IWM,US Equity,100,1.0,0.36187329271665364,0.5340450086555106,0.013949165291162934
LQD,Fixed Income,100,1.0,0.46832149953281743,0.5418848167539267,0.004949677195132949
QQQ,US Equity,100,1.0,0.7401258862772571,0.5533391153512576,0.012972313725803217
SLV,Commodity,100,1.0,-0.1772981812896657,0.4961832061068702,0.018142819014241175
SPY,US Equity,100,1.0,0.603251572546805,0.5385726668592892,0.01074689438663441
TIP,Fixed Income,100,1.0,0.42604264734570807,0.5195563339171045,0.003656708603451054
TLT,Fixed Income,100,1.0,0.231771000050447,0.5231347599768652,0.009611805946779987
USO,Commodity,100,1.0,0.10605850714209455,0.47866473149492017,0.02273395025199906
VNQ,Real Estate,100,1.0,0.2504222550791138,0.5353009259259259,0.012755477455099258
XLE,US Equity,100,1.0,-0.39260845161910535,0.5007231703789413,0.01752633767607776
XLF,US Equity,100,1.0,0.48794939605334137,0.5287759275489337,0.013830526931636345
XLK,US Equity,100,1.0,0.6322151367608005,0.5440023235550392,0.01358076360037756
XLP,US Equity,100,1.0,0.7644632286157043,0.5398773006134969,0.008746563584972058
XLU,US Equity,100,1.0,0.452983694416311,0.5358907294391165,0.011246860869586598
XLV,US Equity,100,1.0,0.6344571877099778,0.5323845483589893,0.010237110980381969
DBC,Commodity,250,0.95,0.3263059784984987,0.5227982510930669,0.010655987164048367
DIA,US Equity,250,0.95,-0.0003513745247930198,0.5214592274678111,0.010325480028040488
EEM,Intl Equity,250,0.95,0.014579327252668257,0.5016959605303731,0.012837624514336381
EFA,Intl Equity,250,0.95,0.03349919756681175,0.5132307692307693,0.010683414371476638
EWJ,Intl Equity,250,0.95,-0.23917938480637094,0.4996886674968867,0.010915696254489734
FXI,Intl Equity,250,0.95,0.020780802759356218,0.5026178010471204,0.017158439682768218
GLD,Commodity,250,0.95,0.034259018804364515,0.5001533272002453,0.009558720512860521
HYG,Fixed Income,250,0.95,0.24196630228717875,0.5234108527131783,0.00511568113081708
IEF,Fixed Income,250,0.95,0.4198975615841618,0.49984610649430594,0.00413185699206604
IWM,US Equity,250,0.95,-0.03377516266972955,0.505511328842621,0.013494605040802063
LQD,Fixed Income,250,0.95,0.4924000574153208,0.5175925925925926,0.005043085801269165
QQQ,US Equity,250,0.95,-0.06243486814975145,0.5234590616375345,0.01295150908021018
SLV,Commodity,250,0.95,0.10972889351805631,0.49750467872738613,0.017190347738708242
SPY,US Equity,250,0.95,-0.04812778537018496,0.5188592456301748,0.010508538970975258
TIP,Fixed Income,250,0.95,0.11548609217168584,0.5077495350278983,0.003639896130690054
TLT,Fixed Income,250,0.95,0.11735082628431552,0.4950890116635973,0.009424423158846723
USO,Commodity,250,0.95,0.09571550329085776,0.5080098582871226,0.023001990388038844
VNQ,Real Estate,250,0.95,0.09596074241854397,0.5098280098280098,0.01234276941756467
XLE,US Equity,250,0.95,0.1099285032370406,0.5104294478527608,0.017457369558758942
XLF,US Equity,250,0.95,0.048878862044510696,0.5021698698078115,0.01324606630843248
XLK,US Equity,250,0.95,-0.011275632653500825,0.5215782983970407,0.01367262844306532
XLP,US Equity,250,0.95,-0.04601232477286063,0.5024798512089275,0.008775736934377065
XLU,US Equity,250,0.95,-0.11152043105725441,0.5093990755007705,0.011384975875975041
XLV,US Equity,250,0.95,-0.4626595021516746,0.5,0.010158838993672715
DBC,Commodity,250,0.98,-0.009448544942492504,0.5199875078076203,0.010587512797335628
DIA,US Equity,250,0.98,-0.10630595170416642,0.5196198651134274,0.01025000682364963
EEM,Intl Equity,250,0.98,0.006573632766846937,0.509713228492137,0.01273604467101197
EFA,Intl Equity,250,0.98,-0.10132811578515036,0.512,0.010604772048785623
EWJ,Intl Equity,250,0.98,-0.25177791941798255,0.5040473225404732,0.010823572439635514
FXI,Intl Equity,250,0.98,-0.049806461805293724,0.4979981521404373,0.01701270266859736
GLD,Commodity,250,0.98,0.1405851595696832,0.5114995400183993,0.009484826407040533
HYG,Fixed Income,250,0.98,0.28578356171269986,0.5277519379844962,0.0050808933027603545
IEF,Fixed Income,250,0.98,0.278139005460343,0.5032317636195752,0.004099595988913186
IWM,US Equity,250,0.98,-0.13983045185972398,0.5104102878138396,0.013396421458261793
LQD,Fixed Income,250,0.98,0.17757956326685082,0.5182098765432098,0.005008808699650952
QQQ,US Equity,250,0.98,0.3809526507897606,0.5446182152713891,0.012836753487913764
SLV,Commodity,250,0.98,0.07910451534211954,0.5049906425452277,0.017076342651661126
SPY,US Equity,250,0.98,0.06777556075994855,0.531738730450782,0.010423183687075894
TIP,Fixed Income,250,0.98,0.07220187153203664,0.5065096094234346,0.0036080902435075423
TLT,Fixed Income,250,0.98,0.11007438834401767,0.5024554941682013,0.009348204448414678
USO,Commodity,250,0.98,0.019179071311790804,0.5092421441774492,0.02288969063236668
VNQ,Real Estate,250,0.98,0.09229009804801223,0.5168918918918919,0.01225945434012411
XLE,US Equity,250,0.98,0.10038732579461972,0.5107361963190185,0.017343153773803896
XLF,US Equity,250,0.98,0.014227530094628155,0.5099194048357099,0.01314809756735474
XLK,US Equity,250,0.98,0.21925685014240268,0.5360665844636252,0.01355045480463183
XLP,US Equity,250,0.98,-0.0433380987053237,0.5123992560446373,0.008705924715731823
XLU,US Equity,250,0.98,-0.26500524951477683,0.5149460708782743,0.011300374353813907
XLV,US Equity,250,0.98,-0.047775716077609706,0.515403573629082,0.010069331770091831
DBC,Commodity,250,0.99,0.1378122758204887,0.5134291068082448,0.010568920864138107
DIA,US Equity,250,0.99,0.17959694240794483,0.5331085223789086,0.010221918242323177
EEM,Intl Equity,250,0.99,-0.07600811755372198,0.5106382978723404,0.012701709809669103
EFA,Intl Equity,250,0.99,-0.09299617791639721,0.5166153846153846,0.01057800497857767
EWJ,Intl Equity,250,0.99,-0.35416802096925093,0.5034246575342466,0.010792812280357824
FXI,Intl Equity,250,0.99,-0.22883244227661534,0.4995380351093317,0.016960743345711217
GLD,Commodity,250,0.99,0.3261230445768768,0.5210058264336094,0.009460892538379855
HYG,Fixed Income,250,0.99,0.17435403360617957,0.5252713178294574,0.005069204236752322
IEF,Fixed Income,250,0.99,0.20642466569442489,0.502616189596799,0.0040898122582498165
IWM,US Equity,250,0.99,0.13134267306079916,0.5183710961420698,0.013362007565686042
LQD,Fixed Income,250,0.99,0.36557828812401433,0.5228395061728395,0.0049984900177265194
QQQ,US Equity,250,0.99,0.708349360649721,0.5590309720944495,0.012796739467161956
SLV,Commodity,250,0.99,0.0664938403527829,0.5077978789769183,0.017035223277671842
SPY,US Equity,250,0.99,0.2721378837507086,0.5406317080650107,0.010391996380066952
TIP,Fixed Income,250,0.99,0.32940686089358284,0.5108493490390577,0.0035980550500199484
TLT,Fixed Income,250,0.99,0.26485686098645483,0.5131982811540823,0.009326210674097776
USO,Commodity,250,0.99,-0.07984371480786992,0.5049291435613062,0.022857834689791138
VNQ,Real Estate,250,0.99,-0.0721400843044308,0.5144348894348895,0.012231251695917579
XLE,US Equity,250,0.99,0.09008316076016179,0.5134969325153375,0.017306866150839685
XLF,US Equity,250,0.99,0.1526757227435089,0.523248605083695,0.013116916210717632
XLK,US Equity,250,0.99,0.3718781569572393,0.5471639950678175,0.013507043008742899
XLP,US Equity,250,0.99,-0.013384598999163876,0.5195288282703038,0.00868031152890373
XLU,US Equity,250,0.99,-0.02839410495522235,0.5291217257318952,0.011270113671769468
XLV,US Equity,250,0.99,-0.008423790932826546,0.5280345040049291,0.01003733342377132
DBC,Commodity,250,1.0,-0.2633407664682246,0.47470331043098063,0.010563111189601284
DIA,US Equity,250,1.0,0.8058703526369877,0.5490496627835684,0.010187963174179956
EEM,Intl Equity,250,1.0,-0.02813236357333355,0.5174221399938329,0.01266419785994576
EFA,Intl Equity,250,1.0,0.458850433536432,0.5332307692307693,0.010546235783452294
EWJ,Intl Equity,250,1.0,0.46490789260674736,0.5292652552926526,0.010758172240359187
FXI,Intl Equity,250,1.0,0.12103520737323635,0.4995380351093317,0.01690672390402635
GLD,Commodity,250,1.0,-0.026378922258240435,0.5142594296228151,0.009441074137179827
HYG,Fixed Income,250,1.0,0.5931050088545999,0.536124031007752,0.005057558252433781
IEF,Fixed Income,250,1.0,0.1635408676750234,0.5158510310864881,0.004083188702148853
IWM,US Equity,250,1.0,0.5663077747928337,0.533680342927128,0.01331602956019885
LQD,Fixed Income,250,1.0,0.4167169902313841,0.5391975308641975,0.004991505967947583
QQQ,US Equity,250,1.0,0.9889167770157099,0.5614842072983748,0.01275838229980984
SLV,Commodity,250,1.0,-0.071408554613391,0.49656893325015594,0.017001693253919474
SPY,US Equity,250,1.0,0.912947881345845,0.5538178472861086,0.010359113124525358
TIP,Fixed Income,250,1.0,0.040374319922690485,0.5021698698078115,0.0035904597049449846
TLT,Fixed Income,250,1.0,0.01584931941219197,0.5141190914671577,0.009308389511940051
USO,Commodity,250,1.0,0.06868998695158307,0.47966728280961185,0.022826546498980964
VNQ,Real Estate,250,1.0,0.4669019420563848,0.5356265356265356,0.012200653653704718
XLE,US Equity,250,1.0,-0.08886706003931706,0.5156441717791411,0.017254974877164108
XLF,US Equity,250,1.0,0.7560349278596701,0.5359578425294482,0.01307724915770359
XLK,US Equity,250,1.0,0.9698699060170226,0.5576448828606658,0.013464879539749524
XLP,US Equity,250,1.0,0.754909547616791,0.5381277123372598,0.00865300599806799
XLU,US Equity,250,1.0,0.5939785077554669,0.5426810477657935,0.011238497294548903
XLV,US Equity,250,1.0,0.8483931275350818,0.541897720271103,0.010008016606109844
